__quarterly__,GDPC1,,__monthly__,CPILEGSL,TB3MS,GS10,,__eof__
,Real Gross Domestic Product,,,Consumer Price Index for All Urban Consumers: All Items Less Energy in U.S. City Average,"3-Month Treasury Bill Secondary Market Rate, Discount Basis","Market Yield on U.S. Treasury Securities at 10-Year Constant Maturity, Quoted on an Investment Basis",,__eof__
1947Q1,2034.45,,1934M01,NaN,0.72,NaN,,__eof__
1947Q2,2029.024,,1934M02,NaN,0.62,NaN,,__eof__
1947Q3,2024.834,,1934M03,NaN,0.24,NaN,,__eof__
1947Q4,2056.508,,1934M04,NaN,0.15,NaN,,__eof__
1948Q1,2087.442,,1934M05,NaN,0.16,NaN,,__eof__
1948Q2,2121.899,,1934M06,NaN,0.15,NaN,,__eof__
1948Q3,2134.056,,1934M07,NaN,0.15,NaN,,__eof__
1948Q4,2136.44,,1934M08,NaN,0.19,NaN,,__eof__
1949Q1,2107.001,,1934M09,NaN,0.21,NaN,,__eof__
1949Q2,2099.814,,1934M10,NaN,0.27,NaN,,__eof__
1949Q3,2121.493,,1934M11,NaN,0.25,NaN,,__eof__
1949Q4,2103.688,,1934M12,NaN,0.23,NaN,,__eof__
1950Q1,2186.365,,1935M01,NaN,0.2,NaN,,__eof__
1950Q2,2253.045,,1935M02,NaN,0.19,NaN,,__eof__
1950Q3,2340.112,,1935M03,NaN,0.15,NaN,,__eof__
1950Q4,2384.92,,1935M04,NaN,0.15,NaN,,__eof__
1951Q1,2417.311,,1935M05,NaN,0.15,NaN,,__eof__
1951Q2,2459.196,,1935M06,NaN,0.15,NaN,,__eof__
1951Q3,2509.88,,1935M07,NaN,0.15,NaN,,__eof__
1951Q4,2515.408,,1935M08,NaN,0.16,NaN,,__eof__
1952Q1,2542.286,,1935M09,NaN,0.2,NaN,,__eof__
1952Q2,2547.762,,1935M10,NaN,0.2,NaN,,__eof__
1952Q3,2566.153,,1935M11,NaN,0.16,NaN,,__eof__
1952Q4,2650.431,,1935M12,NaN,0.15,NaN,,__eof__
1953Q1,2699.699,,1936M01,NaN,0.2,NaN,,__eof__
1953Q2,2720.566,,1936M02,NaN,0.2,NaN,,__eof__
1953Q3,2705.258,,1936M03,NaN,0.2,NaN,,__eof__
1953Q4,2664.302,,1936M04,NaN,0.2,NaN,,__eof__
1954Q1,2651.566,,1936M05,NaN,0.2,NaN,,__eof__
1954Q2,2654.456,,1936M06,NaN,0.2,NaN,,__eof__
1954Q3,2684.434,,1936M07,NaN,0.15,NaN,,__eof__
1954Q4,2736.96,,1936M08,NaN,0.2,NaN,,__eof__
1955Q1,2815.134,,1936M09,NaN,0.16,NaN,,__eof__
1955Q2,2860.942,,1936M10,NaN,0.13,NaN,,__eof__
1955Q3,2899.578,,1936M11,NaN,0.11,NaN,,__eof__
1955Q4,2916.985,,1936M12,NaN,0.12,NaN,,__eof__
1956Q1,2905.656,,1937M01,NaN,0.17,NaN,,__eof__
1956Q2,2929.666,,1937M02,NaN,0.15,NaN,,__eof__
1956Q3,2927.034,,1937M03,NaN,0.38,NaN,,__eof__
1956Q4,2975.209,,1937M04,NaN,0.56,NaN,,__eof__
1957Q1,2994.259,,1937M05,NaN,0.41,NaN,,__eof__
1957Q2,2987.699,,1937M06,NaN,0.36,NaN,,__eof__
1957Q3,3016.979,,1937M07,NaN,0.28,NaN,,__eof__
1957Q4,2985.775,,1937M08,NaN,0.29,NaN,,__eof__
1958Q1,2908.281,,1937M09,NaN,0.31,NaN,,__eof__
1958Q2,2927.395,,1937M10,NaN,0.2,NaN,,__eof__
1958Q3,2995.112,,1937M11,NaN,0.09,NaN,,__eof__
1958Q4,3065.141,,1937M12,NaN,0.11,NaN,,__eof__
1959Q1,3123.978,,1938M01,NaN,0.1,NaN,,__eof__
1959Q2,3194.429,,1938M02,NaN,0.08,NaN,,__eof__
1959Q3,3196.683,,1938M03,NaN,0.08,NaN,,__eof__
1959Q4,3205.79,,1938M04,NaN,0.09,NaN,,__eof__
1960Q1,3277.847,,1938M05,NaN,0.05,NaN,,__eof__
1960Q2,3260.177,,1938M06,NaN,0.05,NaN,,__eof__
1960Q3,3276.133,,1938M07,NaN,0.07,NaN,,__eof__
1960Q4,3234.087,,1938M08,NaN,0.06,NaN,,__eof__
1961Q1,3255.914,,1938M09,NaN,0.08,NaN,,__eof__
1961Q2,3311.181,,1938M10,NaN,0.05,NaN,,__eof__
1961Q3,3374.742,,1938M11,NaN,0.04,NaN,,__eof__
1961Q4,3440.924,,1938M12,NaN,0.03,NaN,,__eof__
1962Q1,3502.298,,1939M01,NaN,0.03,NaN,,__eof__
1962Q2,3533.947,,1939M02,NaN,0.03,NaN,,__eof__
1962Q3,3577.362,,1939M03,NaN,0.03,NaN,,__eof__
1962Q4,3589.128,,1939M04,NaN,0.03,NaN,,__eof__
1963Q1,3628.306,,1939M05,NaN,0.03,NaN,,__eof__
1963Q2,3669.02,,1939M06,NaN,0.03,NaN,,__eof__
1963Q3,3749.681,,1939M07,NaN,0.04,NaN,,__eof__
1963Q4,3774.264,,1939M08,NaN,0.05,NaN,,__eof__
1964Q1,3853.835,,1939M09,NaN,0.14,NaN,,__eof__
1964Q2,3895.793,,1939M10,NaN,0.05,NaN,,__eof__
1964Q3,3956.657,,1939M11,NaN,0.05,NaN,,__eof__
1964Q4,3968.878,,1939M12,NaN,0.04,NaN,,__eof__
1965Q1,4064.915,,1940M01,NaN,0.01,NaN,,__eof__
1965Q2,4116.267,,1940M02,NaN,0.02,NaN,,__eof__
1965Q3,4207.782,,1940M03,NaN,0.02,NaN,,__eof__
1965Q4,4304.731,,1940M04,NaN,0.02,NaN,,__eof__
1966Q1,4409.518,,1940M05,NaN,0.06,NaN,,__eof__
1966Q2,4424.581,,1940M06,NaN,0.1,NaN,,__eof__
1966Q3,4462.053,,1940M07,NaN,0.05,NaN,,__eof__
1966Q4,4498.66,,1940M08,NaN,0.04,NaN,,__eof__
1967Q1,4538.498,,1940M09,NaN,0.05,NaN,,__eof__
1967Q2,4541.28,,1940M10,NaN,0.02,NaN,,__eof__
1967Q3,4584.246,,1940M11,NaN,0.02,NaN,,__eof__
1967Q4,4618.812,,1940M12,NaN,0.02,NaN,,__eof__
1968Q1,4713.013,,1941M01,NaN,0.02,NaN,,__eof__
1968Q2,4791.758,,1941M02,NaN,0.04,NaN,,__eof__
1968Q3,4828.892,,1941M03,NaN,0.11,NaN,,__eof__
1968Q4,4847.885,,1941M04,NaN,0.1,NaN,,__eof__
1969Q1,4923.76,,1941M05,NaN,0.11,NaN,,__eof__
1969Q2,4938.728,,1941M06,NaN,0.12,NaN,,__eof__
1969Q3,4971.349,,1941M07,NaN,0.12,NaN,,__eof__
1969Q4,4947.104,,1941M08,NaN,0.13,NaN,,__eof__
1970Q1,4939.759,,1941M09,NaN,0.1,NaN,,__eof__
1970Q2,4946.77,,1941M10,NaN,0.09,NaN,,__eof__
1970Q3,4992.357,,1941M11,NaN,0.28,NaN,,__eof__
1970Q4,4938.857,,1941M12,NaN,0.33,NaN,,__eof__
1971Q1,5072.996,,1942M01,NaN,0.27,NaN,,__eof__
1971Q2,5100.447,,1942M02,NaN,0.25,NaN,,__eof__
1971Q3,5142.422,,1942M03,NaN,0.25,NaN,,__eof__
1971Q4,5154.547,,1942M04,NaN,0.32,NaN,,__eof__
1972Q1,5249.337,,1942M05,NaN,0.37,NaN,,__eof__
1972Q2,5368.485,,1942M06,NaN,0.37,NaN,,__eof__
1972Q3,5419.184,,1942M07,NaN,0.38,NaN,,__eof__
1972Q4,5509.926,,1942M08,NaN,0.38,NaN,,__eof__
1973Q1,5646.286,,1942M09,NaN,0.38,NaN,,__eof__
1973Q2,5707.755,,1942M10,NaN,0.38,NaN,,__eof__
1973Q3,5677.738,,1942M11,NaN,0.38,NaN,,__eof__
1973Q4,5731.632,,1942M12,NaN,0.38,NaN,,__eof__
1974Q1,5682.353,,1943M01,NaN,0.38,NaN,,__eof__
1974Q2,5695.859,,1943M02,NaN,0.38,NaN,,__eof__
1974Q3,5642.025,,1943M03,NaN,0.38,NaN,,__eof__
1974Q4,5620.126,,1943M04,NaN,0.38,NaN,,__eof__
1975Q1,5551.713,,1943M05,NaN,0.38,NaN,,__eof__
1975Q2,5591.382,,1943M06,NaN,0.38,NaN,,__eof__
1975Q3,5687.087,,1943M07,NaN,0.38,NaN,,__eof__
1975Q4,5763.665,,1943M08,NaN,0.38,NaN,,__eof__
1976Q1,5893.276,,1943M09,NaN,0.38,NaN,,__eof__
1976Q2,5936.515,,1943M10,NaN,0.38,NaN,,__eof__
1976Q3,5969.089,,1943M11,NaN,0.38,NaN,,__eof__
1976Q4,6012.356,,1943M12,NaN,0.38,NaN,,__eof__
1977Q1,6083.391,,1944M01,NaN,0.38,NaN,,__eof__
1977Q2,6201.659,,1944M02,NaN,0.38,NaN,,__eof__
1977Q3,6313.559,,1944M03,NaN,0.38,NaN,,__eof__
1977Q4,6313.697,,1944M04,NaN,0.38,NaN,,__eof__
1978Q1,6333.848,,1944M05,NaN,0.38,NaN,,__eof__
1978Q2,6578.605,,1944M06,NaN,0.38,NaN,,__eof__
1978Q3,6644.754,,1944M07,NaN,0.38,NaN,,__eof__
1978Q4,6734.069,,1944M08,NaN,0.38,NaN,,__eof__
1979Q1,6746.176,,1944M09,NaN,0.38,NaN,,__eof__
1979Q2,6753.389,,1944M10,NaN,0.38,NaN,,__eof__
1979Q3,6803.558,,1944M11,NaN,0.38,NaN,,__eof__
1979Q4,6820.572,,1944M12,NaN,0.38,NaN,,__eof__
1980Q1,6842.024,,1945M01,NaN,0.38,NaN,,__eof__
1980Q2,6701.046,,1945M02,NaN,0.38,NaN,,__eof__
1980Q3,6693.082,,1945M03,NaN,0.38,NaN,,__eof__
1980Q4,6817.903,,1945M04,NaN,0.38,NaN,,__eof__
1981Q1,6951.495,,1945M05,NaN,0.38,NaN,,__eof__
1981Q2,6899.98,,1945M06,NaN,0.38,NaN,,__eof__
1981Q3,6982.609,,1945M07,NaN,0.38,NaN,,__eof__
1981Q4,6906.529,,1945M08,NaN,0.38,NaN,,__eof__
1982Q1,6799.233,,1945M09,NaN,0.38,NaN,,__eof__
1982Q2,6830.251,,1945M10,NaN,0.38,NaN,,__eof__
1982Q3,6804.139,,1945M11,NaN,0.38,NaN,,__eof__
1982Q4,6806.857,,1945M12,NaN,0.38,NaN,,__eof__
1983Q1,6896.561,,1946M01,NaN,0.38,NaN,,__eof__
1983Q2,7053.5,,1946M02,NaN,0.38,NaN,,__eof__
1983Q3,7194.504,,1946M03,NaN,0.38,NaN,,__eof__
1983Q4,7344.597,,1946M04,NaN,0.38,NaN,,__eof__
1984Q1,7488.167,,1946M05,NaN,0.38,NaN,,__eof__
1984Q2,7617.547,,1946M06,NaN,0.38,NaN,,__eof__
1984Q3,7690.985,,1946M07,NaN,0.38,NaN,,__eof__
1984Q4,7754.117,,1946M08,NaN,0.38,NaN,,__eof__
1985Q1,7829.26,,1946M09,NaN,0.38,NaN,,__eof__
1985Q2,7898.194,,1946M10,NaN,0.38,NaN,,__eof__
1985Q3,8018.809,,1946M11,NaN,0.38,NaN,,__eof__
1985Q4,8078.415,,1946M12,NaN,0.38,NaN,,__eof__
1986Q1,8153.829,,1947M01,NaN,0.38,NaN,,__eof__
1986Q2,8190.552,,1947M02,NaN,0.38,NaN,,__eof__
1986Q3,8268.935,,1947M03,NaN,0.38,NaN,,__eof__
1986Q4,8313.338,,1947M04,NaN,0.38,NaN,,__eof__
1987Q1,8375.274,,1947M05,NaN,0.38,NaN,,__eof__
1987Q2,8465.63,,1947M06,NaN,0.38,NaN,,__eof__
1987Q3,8539.075,,1947M07,NaN,0.66,NaN,,__eof__
1987Q4,8685.694,,1947M08,NaN,0.75,NaN,,__eof__
1988Q1,8730.569,,1947M09,NaN,0.8,NaN,,__eof__
1988Q2,8845.28,,1947M10,NaN,0.85,NaN,,__eof__
1988Q3,8897.107,,1947M11,NaN,0.92,NaN,,__eof__
1988Q4,9015.661,,1947M12,NaN,0.95,NaN,,__eof__
1989Q1,9107.314,,1948M01,NaN,0.97,NaN,,__eof__
1989Q2,9176.827,,1948M02,NaN,1,NaN,,__eof__
1989Q3,9244.816,,1948M03,NaN,1,NaN,,__eof__
1989Q4,9263.033,,1948M04,NaN,1,NaN,,__eof__
1990Q1,9364.259,,1948M05,NaN,1,NaN,,__eof__
1990Q2,9398.243,,1948M06,NaN,1,NaN,,__eof__
1990Q3,9404.494,,1948M07,NaN,1,NaN,,__eof__
1990Q4,9318.876,,1948M08,NaN,1.06,NaN,,__eof__
1991Q1,9275.276,,1948M09,NaN,1.09,NaN,,__eof__
1991Q2,9347.597,,1948M10,NaN,1.12,NaN,,__eof__
1991Q3,9394.834,,1948M11,NaN,1.14,NaN,,__eof__
1991Q4,9427.581,,1948M12,NaN,1.16,NaN,,__eof__
1992Q1,9540.444,,1949M01,NaN,1.17,NaN,,__eof__
1992Q2,9643.893,,1949M02,NaN,1.17,NaN,,__eof__
1992Q3,9739.185,,1949M03,NaN,1.17,NaN,,__eof__
1992Q4,9840.753,,1949M04,NaN,1.17,NaN,,__eof__
1993Q1,9857.185,,1949M05,NaN,1.17,NaN,,__eof__
1993Q2,9914.565,,1949M06,NaN,1.17,NaN,,__eof__
1993Q3,9961.873,,1949M07,NaN,1.02,NaN,,__eof__
1993Q4,10097.362,,1949M08,NaN,1.04,NaN,,__eof__
1994Q1,10195.338,,1949M09,NaN,1.07,NaN,,__eof__
1994Q2,10333.495,,1949M10,NaN,1.05,NaN,,__eof__
1994Q3,10393.898,,1949M11,NaN,1.08,NaN,,__eof__
1994Q4,10512.962,,1949M12,NaN,1.1,NaN,,__eof__
1995Q1,10550.251,,1950M01,NaN,1.07,NaN,,__eof__
1995Q2,10581.723,,1950M02,NaN,1.12,NaN,,__eof__
1995Q3,10671.738,,1950M03,NaN,1.12,NaN,,__eof__
1995Q4,10744.203,,1950M04,NaN,1.15,NaN,,__eof__
1996Q1,10824.674,,1950M05,NaN,1.16,NaN,,__eof__
1996Q2,11005.217,,1950M06,NaN,1.15,NaN,,__eof__
1996Q3,11103.935,,1950M07,NaN,1.16,NaN,,__eof__
1996Q4,11219.238,,1950M08,NaN,1.2,NaN,,__eof__
1997Q1,11291.665,,1950M09,NaN,1.3,NaN,,__eof__
1997Q2,11479.33,,1950M10,NaN,1.31,NaN,,__eof__
1997Q3,11622.911,,1950M11,NaN,1.36,NaN,,__eof__
1997Q4,11722.722,,1950M12,NaN,1.34,NaN,,__eof__
1998Q1,11839.876,,1951M01,NaN,1.34,NaN,,__eof__
1998Q2,11949.492,,1951M02,NaN,1.36,NaN,,__eof__
1998Q3,12099.191,,1951M03,NaN,1.4,NaN,,__eof__
1998Q4,12294.737,,1951M04,NaN,1.47,NaN,,__eof__
1999Q1,12410.778,,1951M05,NaN,1.55,NaN,,__eof__
1999Q2,12514.408,,1951M06,NaN,1.45,NaN,,__eof__
1999Q3,12679.977,,1951M07,NaN,1.56,NaN,,__eof__
1999Q4,12888.281,,1951M08,NaN,1.62,NaN,,__eof__
2000Q1,12935.252,,1951M09,NaN,1.63,NaN,,__eof__
2000Q2,13170.749,,1951M10,NaN,1.54,NaN,,__eof__
2000Q3,13183.89,,1951M11,NaN,1.56,NaN,,__eof__
2000Q4,13262.25,,1951M12,NaN,1.73,NaN,,__eof__
2001Q1,13219.251,,1952M01,NaN,1.57,NaN,,__eof__
2001Q2,13301.394,,1952M02,NaN,1.54,NaN,,__eof__
2001Q3,13248.142,,1952M03,NaN,1.59,NaN,,__eof__
2001Q4,13284.881,,1952M04,NaN,1.57,NaN,,__eof__
2002Q1,13394.91,,1952M05,NaN,1.67,NaN,,__eof__
2002Q2,13477.356,,1952M06,NaN,1.7,NaN,,__eof__
2002Q3,13531.741,,1952M07,NaN,1.81,NaN,,__eof__
2002Q4,13549.421,,1952M08,NaN,1.83,NaN,,__eof__
2003Q1,13619.434,,1952M09,NaN,1.71,NaN,,__eof__
2003Q2,13741.107,,1952M10,NaN,1.74,NaN,,__eof__
2003Q3,13970.157,,1952M11,NaN,1.85,NaN,,__eof__
2003Q4,14131.379,,1952M12,NaN,2.09,NaN,,__eof__
2004Q1,14212.34,,1953M01,NaN,1.96,NaN,,__eof__
2004Q2,14323.017,,1953M02,NaN,1.97,NaN,,__eof__
2004Q3,14457.832,,1953M03,NaN,2.01,NaN,,__eof__
2004Q4,14605.595,,1953M04,NaN,2.19,2.83,,__eof__
2005Q1,14767.846,,1953M05,NaN,2.16,3.05,,__eof__
2005Q2,14839.707,,1953M06,NaN,2.11,3.11,,__eof__
2005Q3,14956.291,,1953M07,NaN,2.04,2.93,,__eof__
2005Q4,15041.232,,1953M08,NaN,2.04,2.95,,__eof__
2006Q1,15244.088,,1953M09,NaN,1.79,2.87,,__eof__
2006Q2,15281.525,,1953M10,NaN,1.38,2.66,,__eof__
2006Q3,15304.517,,1953M11,NaN,1.44,2.68,,__eof__
2006Q4,15433.643,,1953M12,NaN,1.6,2.59,,__eof__
2007Q1,15478.956,,1954M01,NaN,1.18,2.48,,__eof__
2007Q2,15577.779,,1954M02,NaN,0.97,2.47,,__eof__
2007Q3,15671.605,,1954M03,NaN,1.03,2.37,,__eof__
2007Q4,15767.146,,1954M04,NaN,0.97,2.29,,__eof__
2008Q1,15702.906,,1954M05,NaN,0.76,2.37,,__eof__
2008Q2,15792.773,,1954M06,NaN,0.64,2.38,,__eof__
2008Q3,15709.562,,1954M07,NaN,0.72,2.3,,__eof__
2008Q4,15366.607,,1954M08,NaN,0.92,2.36,,__eof__
2009Q1,15187.475,,1954M09,NaN,1.01,2.38,,__eof__
2009Q2,15161.772,,1954M10,NaN,0.98,2.43,,__eof__
2009Q3,15216.647,,1954M11,NaN,0.93,2.48,,__eof__
2009Q4,15379.155,,1954M12,NaN,1.15,2.51,,__eof__
2010Q1,15456.059,,1955M01,NaN,1.22,2.61,,__eof__
2010Q2,15605.628,,1955M02,NaN,1.17,2.65,,__eof__
2010Q3,15726.282,,1955M03,NaN,1.28,2.68,,__eof__
2010Q4,15807.995,,1955M04,NaN,1.59,2.75,,__eof__
2011Q1,15769.911,,1955M05,NaN,1.45,2.76,,__eof__
2011Q2,15876.839,,1955M06,NaN,1.41,2.78,,__eof__
2011Q3,15870.684,,1955M07,NaN,1.6,2.9,,__eof__
2011Q4,16048.702,,1955M08,NaN,1.9,2.97,,__eof__
2012Q1,16179.968,,1955M09,NaN,2.07,2.97,,__eof__
2012Q2,16253.726,,1955M10,NaN,2.23,2.88,,__eof__
2012Q3,16282.151,,1955M11,NaN,2.24,2.89,,__eof__
2012Q4,16300.035,,1955M12,NaN,2.54,2.96,,__eof__
2013Q1,16441.485,,1956M01,NaN,2.41,2.9,,__eof__
2013Q2,16464.402,,1956M02,NaN,2.32,2.84,,__eof__
2013Q3,16594.743,,1956M03,NaN,2.25,2.96,,__eof__
2013Q4,16712.76,,1956M04,NaN,2.6,3.18,,__eof__
2014Q1,16654.247,,1956M05,NaN,2.61,3.07,,__eof__
2014Q2,16868.109,,1956M06,NaN,2.49,3,,__eof__
2014Q3,17064.616,,1956M07,NaN,2.31,3.11,,__eof__
2014Q4,17141.235,,1956M08,NaN,2.6,3.33,,__eof__
2015Q1,17280.647,,1956M09,NaN,2.84,3.38,,__eof__
2015Q2,17380.875,,1956M10,NaN,2.9,3.34,,__eof__
2015Q3,17437.08,,1956M11,NaN,2.99,3.49,,__eof__
2015Q4,17462.579,,1956M12,NaN,3.21,3.59,,__eof__
2016Q1,17565.465,,1957M01,28.4,3.11,3.46,,__eof__
2016Q2,17618.581,,1957M02,28.5,3.1,3.34,,__eof__
2016Q3,17724.489,,1957M03,28.6,3.08,3.41,,__eof__
2016Q4,17812.56,,1957M04,28.6,3.07,3.48,,__eof__
2017Q1,17889.094,,1957M05,28.7,3.06,3.6,,__eof__
2017Q2,17979.218,,1957M06,28.8,3.29,3.8,,__eof__
2017Q3,18127.994,,1957M07,29,3.16,3.93,,__eof__
2017Q4,18310.3,,1957M08,29.1,3.37,3.93,,__eof__
2018Q1,18437.127,,1957M09,29.1,3.53,3.92,,__eof__
2018Q2,18565.697,,1957M10,29.1,3.58,3.97,,__eof__
2018Q3,18699.748,,1957M11,29.2,3.31,3.72,,__eof__
2018Q4,18733.741,,1957M12,29.3,3.04,3.21,,__eof__
2019Q1,18835.411,,1958M01,29.4,2.44,3.09,,__eof__
2019Q2,18962.175,,1958M02,29.5,1.53,3.05,,__eof__
2019Q3,19130.932,,1958M03,29.7,1.3,2.98,,__eof__
2019Q4,19215.691,,1958M04,29.7,1.13,2.88,,__eof__
2020Q1,18989.877,,1958M05,29.7,0.91,2.92,,__eof__
2020Q2,17378.712,,1958M06,29.7,0.83,2.97,,__eof__
2020Q3,18743.72,,1958M07,29.7,0.91,3.2,,__eof__
2020Q4,18924.262,,1958M08,29.7,1.69,3.54,,__eof__
2021Q1,19216.224,,1958M09,29.7,2.44,3.76,,__eof__
2021Q2,19544.248,,1958M10,29.7,2.63,3.8,,__eof__
2021Q3,19672.594,,1958M11,29.8,2.67,3.74,,__eof__
2021Q4,20006.181,,1958M12,29.8,2.77,3.86,,__eof__
2022Q1,19924.088,,1959M01,29.8,2.82,4.02,,__eof__
2022Q2,19895.271,,1959M02,29.8,2.7,3.96,,__eof__
2022Q3,20039.406,,1959M03,29.7,2.8,3.99,,__eof__
,,,1959M04,29.8,2.95,4.12,,__eof__
,,,1959M05,29.8,2.84,4.31,,__eof__
,,,1959M06,29.9,3.21,4.34,,__eof__
,,,1959M07,30,3.2,4.4,,__eof__
,,,1959M08,30,3.38,4.43,,__eof__
,,,1959M09,30.1,4.04,4.68,,__eof__
,,,1959M10,30.2,4.05,4.53,,__eof__
,,,1959M11,30.2,4.15,4.53,,__eof__
,,,1959M12,30.2,4.49,4.69,,__eof__
,,,1960M01,30.2,4.35,4.72,,__eof__
,,,1960M02,30.3,3.96,4.49,,__eof__
,,,1960M03,30.2,3.31,4.25,,__eof__
,,,1960M04,30.4,3.23,4.28,,__eof__
,,,1960M05,30.4,3.29,4.35,,__eof__
,,,1960M06,30.4,2.46,4.15,,__eof__
,,,1960M07,30.4,2.3,3.9,,__eof__
,,,1960M08,30.4,2.3,3.8,,__eof__
,,,1960M09,30.4,2.48,3.8,,__eof__
,,,1960M10,30.6,2.3,3.89,,__eof__
,,,1960M11,30.6,2.37,3.93,,__eof__
,,,1960M12,30.6,2.25,3.84,,__eof__
,,,1961M01,30.6,2.24,3.84,,__eof__
,,,1961M02,30.6,2.42,3.78,,__eof__
,,,1961M03,30.7,2.39,3.74,,__eof__
,,,1961M04,30.7,2.29,3.78,,__eof__
,,,1961M05,30.7,2.29,3.71,,__eof__
,,,1961M06,30.6,2.33,3.88,,__eof__
,,,1961M07,30.7,2.24,3.92,,__eof__
,,,1961M08,30.8,2.39,4.04,,__eof__
,,,1961M09,30.8,2.28,3.98,,__eof__
,,,1961M10,30.8,2.3,3.92,,__eof__
,,,1961M11,30.8,2.48,3.94,,__eof__
,,,1961M12,30.8,2.6,4.06,,__eof__
,,,1962M01,30.9,2.72,4.08,,__eof__
,,,1962M02,30.9,2.73,4.04,,__eof__
,,,1962M03,31.1,2.72,3.93,,__eof__
,,,1962M04,31.1,2.73,3.84,,__eof__
,,,1962M05,31.1,2.69,3.87,,__eof__
,,,1962M06,31.1,2.73,3.91,,__eof__
,,,1962M07,31.1,2.92,4.01,,__eof__
,,,1962M08,31.2,2.82,3.98,,__eof__
,,,1962M09,31.3,2.78,3.98,,__eof__
,,,1962M10,31.3,2.74,3.93,,__eof__
,,,1962M11,31.3,2.83,3.92,,__eof__
,,,1962M12,31.2,2.87,3.86,,__eof__
,,,1963M01,31.3,2.91,3.83,,__eof__
,,,1963M02,31.3,2.92,3.92,,__eof__
,,,1963M03,31.4,2.89,3.93,,__eof__
,,,1963M04,31.4,2.9,3.97,,__eof__
,,,1963M05,31.4,2.93,3.93,,__eof__
,,,1963M06,31.5,2.99,3.99,,__eof__
,,,1963M07,31.6,3.18,4.02,,__eof__
,,,1963M08,31.6,3.32,4,,__eof__
,,,1963M09,31.6,3.38,4.08,,__eof__
,,,1963M10,31.7,3.45,4.11,,__eof__
,,,1963M11,31.7,3.52,4.12,,__eof__
,,,1963M12,31.8,3.52,4.13,,__eof__
,,,1964M01,31.8,3.52,4.17,,__eof__
,,,1964M02,31.9,3.53,4.15,,__eof__
,,,1964M03,31.9,3.54,4.22,,__eof__
,,,1964M04,31.9,3.47,4.23,,__eof__
,,,1964M05,31.9,3.48,4.2,,__eof__
,,,1964M06,31.9,3.48,4.17,,__eof__
,,,1964M07,31.9,3.46,4.19,,__eof__
,,,1964M08,32,3.5,4.19,,__eof__
,,,1964M09,32,3.53,4.2,,__eof__
,,,1964M10,32.1,3.57,4.19,,__eof__
,,,1964M11,32.2,3.64,4.15,,__eof__
,,,1964M12,32.2,3.84,4.18,,__eof__
,,,1965M01,32.2,3.81,4.19,,__eof__
,,,1965M02,32.2,3.93,4.21,,__eof__
,,,1965M03,32.3,3.93,4.21,,__eof__
,,,1965M04,32.3,3.93,4.2,,__eof__
,,,1965M05,32.4,3.89,4.21,,__eof__
,,,1965M06,32.6,3.8,4.21,,__eof__
,,,1965M07,32.5,3.84,4.2,,__eof__
,,,1965M08,32.5,3.84,4.25,,__eof__
,,,1965M09,32.6,3.92,4.29,,__eof__
,,,1965M10,32.6,4.03,4.35,,__eof__
,,,1965M11,32.7,4.09,4.45,,__eof__
,,,1965M12,32.8,4.38,4.62,,__eof__
,,,1966M01,32.8,4.59,4.61,,__eof__
,,,1966M02,33,4.65,4.83,,__eof__
,,,1966M03,33.2,4.59,4.87,,__eof__
,,,1966M04,33.3,4.62,4.75,,__eof__
,,,1966M05,33.4,4.64,4.78,,__eof__
,,,1966M06,33.4,4.5,4.81,,__eof__
,,,1966M07,33.5,4.8,5.02,,__eof__
,,,1966M08,33.7,4.96,5.22,,__eof__
,,,1966M09,33.8,5.37,5.18,,__eof__
,,,1966M10,33.9,5.35,5.01,,__eof__
,,,1966M11,33.9,5.32,5.16,,__eof__
,,,1966M12,33.9,4.96,4.84,,__eof__
,,,1967M01,34,4.72,4.58,,__eof__
,,,1967M02,34,4.56,4.63,,__eof__
,,,1967M03,34.1,4.26,4.54,,__eof__
,,,1967M04,34.1,3.84,4.59,,__eof__
,,,1967M05,34.3,3.6,4.85,,__eof__
,,,1967M06,34.3,3.54,5.02,,__eof__
,,,1967M07,34.4,4.21,5.16,,__eof__
,,,1967M08,34.6,4.27,5.28,,__eof__
,,,1967M09,34.7,4.42,5.3,,__eof__
,,,1967M10,34.8,4.56,5.48,,__eof__
,,,1967M11,34.9,4.73,5.75,,__eof__
,,,1967M12,35,4.97,5.7,,__eof__
,,,1968M01,35.2,5,5.53,,__eof__
,,,1968M02,35.3,4.98,5.56,,__eof__
,,,1968M03,35.5,5.17,5.74,,__eof__
,,,1968M04,35.6,5.38,5.64,,__eof__
,,,1968M05,35.7,5.66,5.87,,__eof__
,,,1968M06,35.8,5.52,5.72,,__eof__
,,,1968M07,36,5.31,5.5,,__eof__
,,,1968M08,36.1,5.09,5.42,,__eof__
,,,1968M09,36.3,5.19,5.46,,__eof__
,,,1968M10,36.5,5.35,5.58,,__eof__
,,,1968M11,36.6,5.45,5.7,,__eof__
,,,1968M12,36.7,5.96,6.03,,__eof__
,,,1969M01,36.9,6.14,6.04,,__eof__
,,,1969M02,37,6.12,6.19,,__eof__
,,,1969M03,37.3,6.02,6.3,,__eof__
,,,1969M04,37.5,6.11,6.17,,__eof__
,,,1969M05,37.7,6.04,6.32,,__eof__
,,,1969M06,37.9,6.44,6.57,,__eof__
,,,1969M07,38,7,6.72,,__eof__
,,,1969M08,38.2,6.98,6.69,,__eof__
,,,1969M09,38.5,7.09,7.16,,__eof__
,,,1969M10,38.6,7,7.1,,__eof__
,,,1969M11,38.8,7.24,7.14,,__eof__
,,,1969M12,39.1,7.82,7.65,,__eof__
,,,1970M01,39.3,7.87,7.79,,__eof__
,,,1970M02,39.5,7.13,7.24,,__eof__
,,,1970M03,39.7,6.63,7.07,,__eof__
,,,1970M04,39.9,6.51,7.39,,__eof__
,,,1970M05,40.1,6.84,7.91,,__eof__
,,,1970M06,40.2,6.68,7.84,,__eof__
,,,1970M07,40.3,6.45,7.46,,__eof__
,,,1970M08,40.5,6.41,7.53,,__eof__
,,,1970M09,40.7,6.12,7.39,,__eof__
,,,1970M10,40.9,5.91,7.33,,__eof__
,,,1970M11,41,5.28,6.84,,__eof__
,,,1970M12,41.2,4.87,6.39,,__eof__
,,,1971M01,41.3,4.44,6.24,,__eof__
,,,1971M02,41.4,3.7,6.11,,__eof__
,,,1971M03,41.5,3.38,5.7,,__eof__
,,,1971M04,41.7,3.86,5.83,,__eof__
,,,1971M05,41.9,4.14,6.39,,__eof__
,,,1971M06,42.1,4.75,6.52,,__eof__
,,,1971M07,42.1,5.4,6.73,,__eof__
,,,1971M08,42.2,4.94,6.58,,__eof__
,,,1971M09,42.3,4.69,6.14,,__eof__
,,,1971M10,42.3,4.46,5.93,,__eof__
,,,1971M11,42.5,4.22,5.81,,__eof__
,,,1971M12,42.6,4.01,5.93,,__eof__
,,,1972M01,42.8,3.38,5.95,,__eof__
,,,1972M02,42.9,3.2,6.08,,__eof__
,,,1972M03,43,3.73,6.07,,__eof__
,,,1972M04,43.1,3.71,6.19,,__eof__
,,,1972M05,43.2,3.69,6.13,,__eof__
,,,1972M06,43.3,3.91,6.11,,__eof__
,,,1972M07,43.4,3.98,6.11,,__eof__
,,,1972M08,43.6,4.02,6.21,,__eof__
,,,1972M09,43.7,4.66,6.55,,__eof__
,,,1972M10,43.8,4.74,6.48,,__eof__
,,,1972M11,43.9,4.78,6.28,,__eof__
,,,1972M12,44.1,5.07,6.36,,__eof__
,,,1973M01,44.3,5.41,6.46,,__eof__
,,,1973M02,44.5,5.6,6.64,,__eof__
,,,1973M03,45,6.09,6.71,,__eof__
,,,1973M04,45.3,6.26,6.67,,__eof__
,,,1973M05,45.6,6.36,6.85,,__eof__
,,,1973M06,45.9,7.19,6.9,,__eof__
,,,1973M07,45.9,8.01,7.13,,__eof__
,,,1973M08,46.7,8.67,7.4,,__eof__
,,,1973M09,46.9,8.29,7.09,,__eof__
,,,1973M10,47.2,7.22,6.79,,__eof__
,,,1973M11,47.5,7.83,6.73,,__eof__
,,,1973M12,47.7,7.45,6.74,,__eof__
,,,1974M01,48.1,7.77,6.99,,__eof__
,,,1974M02,48.6,7.12,6.96,,__eof__
,,,1974M03,49,7.96,7.21,,__eof__
,,,1974M04,49.3,8.33,7.51,,__eof__
,,,1974M05,49.7,8.23,7.58,,__eof__
,,,1974M06,50.2,7.9,7.54,,__eof__
,,,1974M07,50.5,7.55,7.81,,__eof__
,,,1974M08,51.2,8.96,8.04,,__eof__
,,,1974M09,51.8,8.06,8.04,,__eof__
,,,1974M10,52.3,7.46,7.9,,__eof__
,,,1974M11,52.8,7.47,7.68,,__eof__
,,,1974M12,53.3,7.15,7.43,,__eof__
,,,1975M01,53.7,6.26,7.5,,__eof__
,,,1975M02,53.9,5.5,7.39,,__eof__
,,,1975M03,54.1,5.49,7.73,,__eof__
,,,1975M04,54.3,5.61,8.23,,__eof__
,,,1975M05,54.5,5.23,8.06,,__eof__
,,,1975M06,54.8,5.34,7.86,,__eof__
,,,1975M07,55.3,6.13,8.06,,__eof__
,,,1975M08,55.5,6.44,8.4,,__eof__
,,,1975M09,55.8,6.42,8.43,,__eof__
,,,1975M10,56.2,5.96,8.14,,__eof__
,,,1975M11,56.6,5.48,8.05,,__eof__
,,,1975M12,56.9,5.44,8,,__eof__
,,,1976M01,57.1,4.87,7.74,,__eof__
,,,1976M02,57.2,4.88,7.79,,__eof__
,,,1976M03,57.3,5,7.73,,__eof__
,,,1976M04,57.4,4.86,7.56,,__eof__
,,,1976M05,57.7,5.2,7.9,,__eof__
,,,1976M06,57.9,5.41,7.86,,__eof__
,,,1976M07,58.3,5.23,7.83,,__eof__
,,,1976M08,58.7,5.14,7.77,,__eof__
,,,1976M09,59,5.08,7.59,,__eof__
,,,1976M10,59.2,4.92,7.41,,__eof__
,,,1976M11,59.5,4.75,7.29,,__eof__
,,,1976M12,59.7,4.35,6.87,,__eof__
,,,1977M01,59.9,4.62,7.21,,__eof__
,,,1977M02,60.5,4.67,7.39,,__eof__
,,,1977M03,60.8,4.6,7.46,,__eof__
,,,1977M04,61.2,4.54,7.37,,__eof__
,,,1977M05,61.4,4.96,7.46,,__eof__
,,,1977M06,61.8,5.02,7.28,,__eof__
,,,1977M07,62.1,5.19,7.33,,__eof__
,,,1977M08,62.4,5.49,7.4,,__eof__
,,,1977M09,62.7,5.81,7.34,,__eof__
,,,1977M10,62.9,6.16,7.52,,__eof__
,,,1977M11,63.2,6.1,7.58,,__eof__
,,,1977M12,63.6,6.07,7.69,,__eof__
,,,1978M01,64,6.44,7.96,,__eof__
,,,1978M02,64.4,6.45,8.03,,__eof__
,,,1978M03,64.9,6.29,8.04,,__eof__
,,,1978M04,65.4,6.29,8.15,,__eof__
,,,1978M05,66,6.41,8.35,,__eof__
,,,1978M06,66.5,6.73,8.46,,__eof__
,,,1978M07,67,7.01,8.64,,__eof__
,,,1978M08,67.5,7.08,8.41,,__eof__
,,,1978M09,68,7.85,8.42,,__eof__
,,,1978M10,68.5,7.99,8.64,,__eof__
,,,1978M11,68.9,8.64,8.81,,__eof__
,,,1978M12,69.4,9.08,9.01,,__eof__
,,,1979M01,70,9.35,9.1,,__eof__
,,,1979M02,70.7,9.32,9.1,,__eof__
,,,1979M03,71.4,9.48,9.12,,__eof__
,,,1979M04,71.9,9.46,9.18,,__eof__
,,,1979M05,72.5,9.61,9.25,,__eof__
,,,1979M06,72.9,9.06,8.91,,__eof__
,,,1979M07,73.5,9.24,8.95,,__eof__
,,,1979M08,74.1,9.52,9.03,,__eof__
,,,1979M09,74.8,10.26,9.33,,__eof__
,,,1979M10,75.4,11.7,10.3,,__eof__
,,,1979M11,76.1,11.79,10.65,,__eof__
,,,1979M12,77.1,12.04,10.39,,__eof__
,,,1980M01,77.9,12,10.8,,__eof__
,,,1980M02,78.6,12.86,12.41,,__eof__
,,,1980M03,79.6,15.2,12.75,,__eof__
,,,1980M04,80.4,13.2,11.47,,__eof__
,,,1980M05,81.1,8.58,10.18,,__eof__
,,,1980M06,81.9,7.07,9.78,,__eof__
,,,1980M07,81.9,8.06,10.25,,__eof__
,,,1980M08,82.6,9.13,11.1,,__eof__
,,,1980M09,83.5,10.27,11.51,,__eof__
,,,1980M10,84.3,11.62,11.75,,__eof__
,,,1980M11,85.2,13.73,12.68,,__eof__
,,,1980M12,86.1,15.49,12.84,,__eof__
,,,1981M01,86.6,15.02,12.57,,__eof__
,,,1981M02,87.1,14.79,13.19,,__eof__
,,,1981M03,87.5,13.36,13.12,,__eof__
,,,1981M04,88.1,13.69,13.68,,__eof__
,,,1981M05,88.7,16.3,14.1,,__eof__
,,,1981M06,89.4,14.73,13.47,,__eof__
,,,1981M07,90.5,14.95,14.28,,__eof__
,,,1981M08,91.4,15.51,14.94,,__eof__
,,,1981M09,92.5,14.7,15.32,,__eof__
,,,1981M10,92.6,13.54,15.15,,__eof__
,,,1981M11,93,10.86,13.39,,__eof__
,,,1981M12,93.4,10.85,13.72,,__eof__
,,,1982M01,93.8,12.28,14.59,,__eof__
,,,1982M02,94.3,13.48,14.43,,__eof__
,,,1982M03,94.4,12.68,13.86,,__eof__
,,,1982M04,95,12.7,13.87,,__eof__
,,,1982M05,95.7,12.09,13.62,,__eof__
,,,1982M06,96.4,12.47,14.3,,__eof__
,,,1982M07,96.9,11.35,13.95,,__eof__
,,,1982M08,97.2,8.68,13.06,,__eof__
,,,1982M09,97.5,7.92,12.34,,__eof__
,,,1982M10,97.6,7.71,10.91,,__eof__
,,,1982M11,97.6,8.07,10.55,,__eof__
,,,1982M12,97.4,7.94,10.54,,__eof__
,,,1983M01,97.7,7.86,10.46,,__eof__
,,,1983M02,98.1,8.11,10.72,,__eof__
,,,1983M03,98.4,8.35,10.51,,__eof__
,,,1983M04,98.8,8.21,10.4,,__eof__
,,,1983M05,99.1,8.19,10.38,,__eof__
,,,1983M06,99.3,8.79,10.85,,__eof__
,,,1983M07,99.7,9.08,11.38,,__eof__
,,,1983M08,100.1,9.34,11.85,,__eof__
,,,1983M09,100.4,9,11.65,,__eof__
,,,1983M10,100.8,8.64,11.54,,__eof__
,,,1983M11,101.2,8.76,11.69,,__eof__
,,,1983M12,101.6,9,11.83,,__eof__
,,,1984M01,102.4,8.9,11.67,,__eof__
,,,1984M02,102.8,9.09,11.84,,__eof__
,,,1984M03,103.1,9.52,12.32,,__eof__
,,,1984M04,103.5,9.69,12.63,,__eof__
,,,1984M05,103.8,9.83,13.41,,__eof__
,,,1984M06,104.2,9.87,13.56,,__eof__
,,,1984M07,104.6,10.12,13.36,,__eof__
,,,1984M08,105.1,10.47,12.72,,__eof__
,,,1984M09,105.3,10.37,12.52,,__eof__
,,,1984M10,105.7,9.74,12.16,,__eof__
,,,1984M11,105.9,8.61,11.57,,__eof__
,,,1984M12,106.3,8.06,11.5,,__eof__
,,,1985M01,106.5,7.76,11.38,,__eof__
,,,1985M02,107.2,8.27,11.51,,__eof__
,,,1985M03,107.5,8.52,11.86,,__eof__
,,,1985M04,107.7,7.95,11.43,,__eof__
,,,1985M05,108,7.48,10.85,,__eof__
,,,1985M06,108.3,6.95,10.16,,__eof__
,,,1985M07,108.5,7.08,10.31,,__eof__
,,,1985M08,108.8,7.14,10.33,,__eof__
,,,1985M09,109.1,7.1,10.37,,__eof__
,,,1985M10,109.5,7.16,10.24,,__eof__
,,,1985M11,110.1,7.24,9.78,,__eof__
,,,1985M12,110.5,7.1,9.26,,__eof__
,,,1986M01,110.9,7.07,9.19,,__eof__
,,,1986M02,111.1,7.06,8.7,,__eof__
,,,1986M03,111.4,6.56,7.78,,__eof__
,,,1986M04,111.8,6.06,7.3,,__eof__
,,,1986M05,112,6.15,7.71,,__eof__
,,,1986M06,112.3,6.21,7.8,,__eof__
,,,1986M07,112.8,5.83,7.3,,__eof__
,,,1986M08,113.2,5.53,7.17,,__eof__
,,,1986M09,113.6,5.21,7.45,,__eof__
,,,1986M10,114,5.18,7.43,,__eof__
,,,1986M11,114.4,5.35,7.25,,__eof__
,,,1986M12,114.7,5.53,7.11,,__eof__
,,,1987M01,115.1,5.43,7.08,,__eof__
,,,1987M02,115.4,5.59,7.25,,__eof__
,,,1987M03,115.8,5.59,7.25,,__eof__
,,,1987M04,116.3,5.64,8.02,,__eof__
,,,1987M05,116.8,5.66,8.61,,__eof__
,,,1987M06,117.1,5.67,8.4,,__eof__
,,,1987M07,117.3,5.69,8.45,,__eof__
,,,1987M08,117.8,6.04,8.76,,__eof__
,,,1987M09,118.3,6.4,9.42,,__eof__
,,,1987M10,118.7,6.13,9.52,,__eof__
,,,1987M11,119.1,5.69,8.86,,__eof__
,,,1987M12,119.4,5.77,8.99,,__eof__
,,,1988M01,119.8,5.81,8.67,,__eof__
,,,1988M02,120,5.66,8.21,,__eof__
,,,1988M03,120.5,5.7,8.37,,__eof__
,,,1988M04,121.1,5.91,8.72,,__eof__
,,,1988M05,121.5,6.26,9.09,,__eof__
,,,1988M06,122,6.46,8.92,,__eof__
,,,1988M07,122.6,6.73,9.06,,__eof__
,,,1988M08,123,7.06,9.26,,__eof__
,,,1988M09,123.7,7.24,8.98,,__eof__
,,,1988M10,124.1,7.35,8.8,,__eof__
,,,1988M11,124.5,7.76,8.96,,__eof__
,,,1988M12,125,8.07,9.11,,__eof__
,,,1989M01,125.5,8.27,9.09,,__eof__
,,,1989M02,125.9,8.53,9.17,,__eof__
,,,1989M03,126.4,8.82,9.36,,__eof__
,,,1989M04,126.9,8.65,9.18,,__eof__
,,,1989M05,127.5,8.43,8.86,,__eof__
,,,1989M06,127.9,8.15,8.28,,__eof__
,,,1989M07,128.4,7.88,8.02,,__eof__
,,,1989M08,128.7,7.9,8.11,,__eof__
,,,1989M09,129.1,7.75,8.19,,__eof__
,,,1989M10,129.8,7.64,8.01,,__eof__
,,,1989M11,130.3,7.69,7.87,,__eof__
,,,1989M12,130.8,7.63,7.84,,__eof__
,,,1990M01,131.5,7.64,8.21,,__eof__
,,,1990M02,132.2,7.74,8.47,,__eof__
,,,1990M03,132.9,7.9,8.59,,__eof__
,,,1990M04,133.3,7.77,8.79,,__eof__
,,,1990M05,133.6,7.74,8.76,,__eof__
,,,1990M06,134.4,7.73,8.48,,__eof__
,,,1990M07,135.1,7.62,8.47,,__eof__
,,,1990M08,135.8,7.45,8.75,,__eof__
,,,1990M09,136.3,7.36,8.89,,__eof__
,,,1990M10,136.8,7.17,8.72,,__eof__
,,,1990M11,137.2,7.06,8.39,,__eof__
,,,1990M12,137.7,6.74,8.08,,__eof__
,,,1991M01,138.5,6.22,8.09,,__eof__
,,,1991M02,139.1,5.94,7.85,,__eof__
,,,1991M03,139.4,5.91,8.11,,__eof__
,,,1991M04,139.9,5.65,8.04,,__eof__
,,,1991M05,140.3,5.46,8.07,,__eof__
,,,1991M06,140.8,5.57,8.28,,__eof__
,,,1991M07,141.1,5.58,8.27,,__eof__
,,,1991M08,141.5,5.33,7.9,,__eof__
,,,1991M09,141.9,5.22,7.65,,__eof__
,,,1991M10,142.2,4.99,7.53,,__eof__
,,,1991M11,142.7,4.56,7.42,,__eof__
,,,1991M12,143.1,4.07,7.09,,__eof__
,,,1992M01,143.4,3.8,7.03,,__eof__
,,,1992M02,143.7,3.84,7.34,,__eof__
,,,1992M03,144.2,4.04,7.54,,__eof__
,,,1992M04,144.5,3.75,7.48,,__eof__
,,,1992M05,144.9,3.63,7.39,,__eof__
,,,1992M06,145.2,3.66,7.26,,__eof__
,,,1992M07,145.5,3.21,6.84,,__eof__
,,,1992M08,146,3.13,6.59,,__eof__
,,,1992M09,146.3,2.91,6.42,,__eof__
,,,1992M10,146.8,2.86,6.59,,__eof__
,,,1992M11,147.2,3.13,6.87,,__eof__
,,,1992M12,147.4,3.22,6.77,,__eof__
,,,1993M01,147.9,3,6.6,,__eof__
,,,1993M02,148.4,2.93,6.26,,__eof__
,,,1993M03,148.6,2.95,5.98,,__eof__
,,,1993M04,149.1,2.87,5.97,,__eof__
,,,1993M05,149.6,2.96,6.04,,__eof__
,,,1993M06,149.8,3.07,5.96,,__eof__
,,,1993M07,150,3.04,5.81,,__eof__
,,,1993M08,150.5,3.02,5.68,,__eof__
,,,1993M09,150.7,2.95,5.36,,__eof__
,,,1993M10,151.1,3.02,5.33,,__eof__
,,,1993M11,151.6,3.1,5.72,,__eof__
,,,1993M12,152,3.06,5.77,,__eof__
,,,1994M01,152.2,2.98,5.75,,__eof__
,,,1994M02,152.4,3.25,5.97,,__eof__
,,,1994M03,152.8,3.5,6.48,,__eof__
,,,1994M04,153.1,3.68,6.97,,__eof__
,,,1994M05,153.5,4.14,7.18,,__eof__
,,,1994M06,153.9,4.14,7.1,,__eof__
,,,1994M07,154.3,4.33,7.3,,__eof__
,,,1994M08,154.8,4.48,7.24,,__eof__
,,,1994M09,155.1,4.62,7.46,,__eof__
,,,1994M10,155.3,4.95,7.74,,__eof__
,,,1994M11,155.7,5.29,7.96,,__eof__
,,,1994M12,156.1,5.6,7.81,,__eof__
,,,1995M01,156.5,5.71,7.78,,__eof__
,,,1995M02,157,5.77,7.47,,__eof__
,,,1995M03,157.3,5.73,7.2,,__eof__
,,,1995M04,157.9,5.65,7.06,,__eof__
,,,1995M05,158.3,5.67,6.63,,__eof__
,,,1995M06,158.5,5.47,6.17,,__eof__
,,,1995M07,158.8,5.42,6.28,,__eof__
,,,1995M08,159.2,5.4,6.49,,__eof__
,,,1995M09,159.6,5.28,6.2,,__eof__
,,,1995M10,160.1,5.28,6.04,,__eof__
,,,1995M11,160.3,5.36,5.93,,__eof__
,,,1995M12,160.5,5.14,5.71,,__eof__
,,,1996M01,161,5,5.65,,__eof__
,,,1996M02,161.4,4.83,5.81,,__eof__
,,,1996M03,161.9,4.96,6.27,,__eof__
,,,1996M04,162.1,4.95,6.51,,__eof__
,,,1996M05,162.4,5.02,6.74,,__eof__
,,,1996M06,162.9,5.09,6.91,,__eof__
,,,1996M07,163.3,5.15,6.87,,__eof__
,,,1996M08,163.6,5.05,6.64,,__eof__
,,,1996M09,164.1,5.09,6.83,,__eof__
,,,1996M10,164.5,4.99,6.53,,__eof__
,,,1996M11,165,5.03,6.2,,__eof__
,,,1996M12,165.2,4.91,6.3,,__eof__
,,,1997M01,165.4,5.03,6.58,,__eof__
,,,1997M02,165.8,5.01,6.42,,__eof__
,,,1997M03,166.1,5.14,6.69,,__eof__
,,,1997M04,166.4,5.16,6.89,,__eof__
,,,1997M05,166.7,5.05,6.71,,__eof__
,,,1997M06,166.9,4.93,6.49,,__eof__
,,,1997M07,167.2,5.05,6.22,,__eof__
,,,1997M08,167.4,5.14,6.3,,__eof__
,,,1997M09,167.7,4.95,6.21,,__eof__
,,,1997M10,168.1,4.97,6.03,,__eof__
,,,1997M11,168.4,5.14,5.88,,__eof__
,,,1997M12,168.7,5.16,5.81,,__eof__
,,,1998M01,169.2,5.04,5.54,,__eof__
,,,1998M02,169.4,5.09,5.57,,__eof__
,,,1998M03,169.7,5.03,5.65,,__eof__
,,,1998M04,170,4.95,5.64,,__eof__
,,,1998M05,170.4,5,5.65,,__eof__
,,,1998M06,170.6,4.98,5.5,,__eof__
,,,1998M07,171,4.96,5.46,,__eof__
,,,1998M08,171.4,4.9,5.34,,__eof__
,,,1998M09,171.6,4.61,4.81,,__eof__
,,,1998M10,172,3.96,4.53,,__eof__
,,,1998M11,172.3,4.41,4.83,,__eof__
,,,1998M12,172.8,4.39,4.65,,__eof__
,,,1999M01,173.1,4.34,4.72,,__eof__
,,,1999M02,173.2,4.44,5,,__eof__
,,,1999M03,173.2,4.44,5.23,,__eof__
,,,1999M04,173.8,4.29,5.18,,__eof__
,,,1999M05,174,4.5,5.54,,__eof__
,,,1999M06,174.1,4.57,5.9,,__eof__
,,,1999M07,174.5,4.55,5.79,,__eof__
,,,1999M08,174.7,4.72,5.94,,__eof__
,,,1999M09,175.2,4.68,5.92,,__eof__
,,,1999M10,175.5,4.86,6.11,,__eof__
,,,1999M11,175.8,5.07,6.03,,__eof__
,,,1999M12,176.1,5.2,6.28,,__eof__
,,,2000M01,176.6,5.32,6.66,,__eof__
,,,2000M02,176.8,5.55,6.52,,__eof__
,,,2000M03,177.3,5.69,6.26,,__eof__
,,,2000M04,177.6,5.66,5.99,,__eof__
,,,2000M05,178.1,5.79,6.44,,__eof__
,,,2000M06,178.4,5.69,6.1,,__eof__
,,,2000M07,178.9,5.96,6.05,,__eof__
,,,2000M08,179.3,6.09,5.83,,__eof__
,,,2000M09,179.7,6,5.8,,__eof__
,,,2000M10,179.9,6.11,5.74,,__eof__
,,,2000M11,180.3,6.17,5.72,,__eof__
,,,2000M12,180.7,5.77,5.24,,__eof__
,,,2001M01,181.2,5.15,5.16,,__eof__
,,,2001M02,181.8,4.88,5.1,,__eof__
,,,2001M03,182.2,4.42,4.89,,__eof__
,,,2001M04,182.5,3.87,5.14,,__eof__
,,,2001M05,182.8,3.62,5.39,,__eof__
,,,2001M06,183.4,3.49,5.28,,__eof__
,,,2001M07,183.9,3.51,5.24,,__eof__
,,,2001M08,184.2,3.36,4.97,,__eof__
,,,2001M09,184.5,2.64,4.73,,__eof__
,,,2001M10,184.9,2.16,4.57,,__eof__
,,,2001M11,185.5,1.87,4.65,,__eof__
,,,2001M12,185.7,1.69,5.09,,__eof__
,,,2002M01,186,1.65,5.04,,__eof__
,,,2002M02,186.4,1.72,4.91,,__eof__
,,,2002M03,186.6,1.79,5.28,,__eof__
,,,2002M04,187,1.71,5.21,,__eof__
,,,2002M05,187.2,1.73,5.16,,__eof__
,,,2002M06,187.4,1.7,4.93,,__eof__
,,,2002M07,187.7,1.68,4.65,,__eof__
,,,2002M08,188.2,1.62,4.26,,__eof__
,,,2002M09,188.4,1.63,3.87,,__eof__
,,,2002M10,188.5,1.58,3.94,,__eof__
,,,2002M11,188.9,1.23,4.05,,__eof__
,,,2002M12,189.2,1.19,4.03,,__eof__
,,,2003M01,189.4,1.17,4.05,,__eof__
,,,2003M02,189.6,1.17,3.9,,__eof__
,,,2003M03,189.7,1.13,3.81,,__eof__
,,,2003M04,189.7,1.13,3.96,,__eof__
,,,2003M05,190.1,1.07,3.57,,__eof__
,,,2003M06,190.4,0.92,3.33,,__eof__
,,,2003M07,190.7,0.9,3.98,,__eof__
,,,2003M08,191,0.95,4.45,,__eof__
,,,2003M09,191.1,0.94,4.27,,__eof__
,,,2003M10,191.5,0.92,4.29,,__eof__
,,,2003M11,191.7,0.93,4.3,,__eof__
,,,2003M12,192,0.9,4.27,,__eof__
,,,2004M01,192.3,0.88,4.15,,__eof__
,,,2004M02,192.6,0.93,4.08,,__eof__
,,,2004M03,193.2,0.94,3.83,,__eof__
,,,2004M04,193.6,0.94,4.35,,__eof__
,,,2004M05,194.1,1.02,4.72,,__eof__
,,,2004M06,194.4,1.27,4.73,,__eof__
,,,2004M07,194.7,1.33,4.5,,__eof__
,,,2004M08,194.8,1.48,4.28,,__eof__
,,,2004M09,195.2,1.65,4.13,,__eof__
,,,2004M10,195.8,1.76,4.1,,__eof__
,,,2004M11,196.2,2.07,4.19,,__eof__
,,,2004M12,196.4,2.19,4.23,,__eof__
,,,2005M01,196.8,2.33,4.22,,__eof__
,,,2005M02,197.2,2.54,4.17,,__eof__
,,,2005M03,197.8,2.74,4.5,,__eof__
,,,2005M04,198.1,2.78,4.34,,__eof__
,,,2005M05,198.4,2.84,4.14,,__eof__
,,,2005M06,198.5,2.97,4,,__eof__
,,,2005M07,198.8,3.22,4.18,,__eof__
,,,2005M08,199,3.44,4.26,,__eof__
,,,2005M09,199.2,3.42,4.2,,__eof__
,,,2005M10,199.8,3.71,4.46,,__eof__
,,,2005M11,200.4,3.88,4.54,,__eof__
,,,2005M12,200.7,3.89,4.47,,__eof__
,,,2006M01,201.2,4.24,4.42,,__eof__
,,,2006M02,201.5,4.43,4.57,,__eof__
,,,2006M03,202.1,4.51,4.72,,__eof__
,,,2006M04,202.5,4.6,4.99,,__eof__
,,,2006M05,203.1,4.72,5.11,,__eof__
,,,2006M06,203.6,4.79,5.11,,__eof__
,,,2006M07,204,4.95,5.09,,__eof__
,,,2006M08,204.5,4.96,4.88,,__eof__
,,,2006M09,204.9,4.81,4.72,,__eof__
,,,2006M10,205.4,4.92,4.73,,__eof__
,,,2006M11,205.5,4.94,4.6,,__eof__
,,,2006M12,205.8,4.85,4.56,,__eof__
,,,2007M01,206.42,4.98,4.76,,__eof__
,,,2007M02,207.084,5.03,4.72,,__eof__
,,,2007M03,207.432,4.94,4.56,,__eof__
,,,2007M04,207.79,4.87,4.69,,__eof__
,,,2007M05,208.175,4.73,4.75,,__eof__
,,,2007M06,208.585,4.61,5.1,,__eof__
,,,2007M07,209.012,4.82,5,,__eof__
,,,2007M08,209.425,4.2,4.67,,__eof__
,,,2007M09,209.947,3.89,4.52,,__eof__
,,,2007M10,210.489,3.9,4.53,,__eof__
,,,2007M11,211.111,3.27,4.15,,__eof__
,,,2007M12,211.598,3,4.1,,__eof__
,,,2008M01,212.302,2.75,3.74,,__eof__
,,,2008M02,212.564,2.12,3.74,,__eof__
,,,2008M03,213.034,1.26,3.51,,__eof__
,,,2008M04,213.434,1.29,3.68,,__eof__
,,,2008M05,213.89,1.73,3.88,,__eof__
,,,2008M06,214.506,1.86,4.1,,__eof__
,,,2008M07,215.289,1.63,4.01,,__eof__
,,,2008M08,215.82,1.72,3.89,,__eof__
,,,2008M09,216.283,1.13,3.69,,__eof__
,,,2008M10,216.486,0.67,3.81,,__eof__
,,,2008M11,216.683,0.19,3.53,,__eof__
,,,2008M12,216.665,0.03,2.42,,__eof__
,,,2009M01,217.044,0.13,2.52,,__eof__
,,,2009M02,217.375,0.3,2.87,,__eof__
,,,2009M03,217.694,0.21,2.82,,__eof__
,,,2009M04,218.022,0.16,2.93,,__eof__
,,,2009M05,218.133,0.18,3.29,,__eof__
,,,2009M06,218.308,0.18,3.72,,__eof__
,,,2009M07,218.367,0.18,3.56,,__eof__
,,,2009M08,218.562,0.17,3.59,,__eof__
,,,2009M09,218.901,0.12,3.4,,__eof__
,,,2009M10,219.419,0.07,3.39,,__eof__
,,,2009M11,219.578,0.05,3.4,,__eof__
,,,2009M12,219.809,0.05,3.59,,__eof__
,,,2010M01,219.691,0.06,3.73,,__eof__
,,,2010M02,219.784,0.11,3.69,,__eof__
,,,2010M03,219.894,0.15,3.73,,__eof__
,,,2010M04,219.959,0.16,3.85,,__eof__
,,,2010M05,220.097,0.16,3.42,,__eof__
,,,2010M06,220.286,0.12,3.2,,__eof__
,,,2010M07,220.421,0.16,3.01,,__eof__
,,,2010M08,220.582,0.16,2.7,,__eof__
,,,2010M09,220.864,0.15,2.65,,__eof__
,,,2010M10,221.011,0.13,2.54,,__eof__
,,,2010M11,221.345,0.14,2.76,,__eof__
,,,2010M12,221.55,0.14,3.29,,__eof__
,,,2011M01,222.128,0.15,3.39,,__eof__
,,,2011M02,222.632,0.13,3.58,,__eof__
,,,2011M03,223.094,0.1,3.41,,__eof__
,,,2011M04,223.455,0.06,3.46,,__eof__
,,,2011M05,223.965,0.04,3.17,,__eof__
,,,2011M06,224.494,0.04,3,,__eof__
,,,2011M07,225.08,0.04,3,,__eof__
,,,2011M08,225.799,0.02,2.3,,__eof__
,,,2011M09,226.175,0.01,1.98,,__eof__
,,,2011M10,226.536,0.02,2.15,,__eof__
,,,2011M11,226.901,0.01,2.01,,__eof__
,,,2011M12,227.396,0.01,1.98,,__eof__
,,,2012M01,227.893,0.03,1.97,,__eof__
,,,2012M02,228.015,0.09,1.97,,__eof__
,,,2012M03,228.458,0.08,2.17,,__eof__
,,,2012M04,228.888,0.08,2.05,,__eof__
,,,2012M05,229.183,0.09,1.8,,__eof__
,,,2012M06,229.592,0.09,1.62,,__eof__
,,,2012M07,229.909,0.1,1.53,,__eof__
,,,2012M08,230.192,0.1,1.68,,__eof__
,,,2012M09,230.575,0.11,1.72,,__eof__
,,,2012M10,230.951,0.1,1.75,,__eof__
,,,2012M11,231.272,0.09,1.65,,__eof__
,,,2012M12,231.671,0.07,1.72,,__eof__
,,,2013M01,232.147,0.07,1.91,,__eof__
,,,2013M02,232.43,0.1,1.98,,__eof__
,,,2013M03,232.654,0.09,1.96,,__eof__
,,,2013M04,232.755,0.06,1.76,,__eof__
,,,2013M05,232.862,0.04,1.93,,__eof__
,,,2013M06,233.241,0.05,2.3,,__eof__
,,,2013M07,233.719,0.04,2.58,,__eof__
,,,2013M08,234.144,0.04,2.74,,__eof__
,,,2013M09,234.461,0.02,2.81,,__eof__
,,,2013M10,234.683,0.05,2.62,,__eof__
,,,2013M11,235.082,0.07,2.72,,__eof__
,,,2013M12,235.456,0.07,2.9,,__eof__
,,,2014M01,235.675,0.04,2.86,,__eof__
,,,2014M02,236.003,0.05,2.71,,__eof__
,,,2014M03,236.532,0.05,2.72,,__eof__
,,,2014M04,237.03,0.03,2.71,,__eof__
,,,2014M05,237.593,0.03,2.56,,__eof__
,,,2014M06,237.889,0.04,2.6,,__eof__
,,,2014M07,238.282,0.03,2.54,,__eof__
,,,2014M08,238.543,0.03,2.42,,__eof__
,,,2014M09,238.969,0.02,2.53,,__eof__
,,,2014M10,239.37,0.02,2.3,,__eof__
,,,2014M11,239.676,0.02,2.33,,__eof__
,,,2014M12,239.909,0.03,2.21,,__eof__
,,,2015M01,240.095,0.03,1.88,,__eof__
,,,2015M02,240.446,0.02,1.98,,__eof__
,,,2015M03,240.876,0.03,2.04,,__eof__
,,,2015M04,241.365,0.02,1.94,,__eof__
,,,2015M05,241.691,0.02,2.2,,__eof__
,,,2015M06,242.114,0.02,2.36,,__eof__
,,,2015M07,242.571,0.03,2.32,,__eof__
,,,2015M08,242.873,0.07,2.17,,__eof__
,,,2015M09,243.409,0.02,2.17,,__eof__
,,,2015M10,243.83,0.02,2.07,,__eof__
,,,2015M11,244.196,0.12,2.26,,__eof__
,,,2015M12,244.407,0.23,2.24,,__eof__
,,,2016M01,244.777,0.26,2.09,,__eof__
,,,2016M02,245.286,0.31,1.78,,__eof__
,,,2016M03,245.542,0.29,1.89,,__eof__
,,,2016M04,246.115,0.23,1.81,,__eof__
,,,2016M05,246.557,0.27,1.81,,__eof__
,,,2016M06,246.873,0.27,1.64,,__eof__
,,,2016M07,247.115,0.3,1.5,,__eof__
,,,2016M08,247.632,0.3,1.56,,__eof__
,,,2016M09,247.992,0.29,1.63,,__eof__
,,,2016M10,248.253,0.33,1.76,,__eof__
,,,2016M11,248.531,0.45,2.14,,__eof__
,,,2016M12,248.901,0.51,2.49,,__eof__
,,,2017M01,249.416,0.51,2.43,,__eof__
,,,2017M02,249.966,0.52,2.42,,__eof__
,,,2017M03,249.995,0.74,2.48,,__eof__
,,,2017M04,250.287,0.8,2.3,,__eof__
,,,2017M05,250.516,0.89,2.3,,__eof__
,,,2017M06,250.754,0.98,2.19,,__eof__
,,,2017M07,251.018,1.07,2.32,,__eof__
,,,2017M08,251.527,1.01,2.21,,__eof__
,,,2017M09,251.816,1.03,2.2,,__eof__
,,,2017M10,252.455,1.07,2.36,,__eof__
,,,2017M11,252.723,1.23,2.35,,__eof__
,,,2017M12,253.249,1.32,2.4,,__eof__
,,,2018M01,253.948,1.41,2.58,,__eof__
,,,2018M02,254.37,1.57,2.86,,__eof__
,,,2018M03,254.87,1.7,2.84,,__eof__
,,,2018M04,255.362,1.76,2.87,,__eof__
,,,2018M05,255.829,1.86,2.98,,__eof__
,,,2018M06,256.121,1.9,2.91,,__eof__
,,,2018M07,256.518,1.96,2.89,,__eof__
,,,2018M08,256.725,2.03,2.89,,__eof__
,,,2018M09,257.167,2.13,3,,__eof__
,,,2018M10,257.557,2.25,3.15,,__eof__
,,,2018M11,258.044,2.33,3.12,,__eof__
,,,2018M12,258.586,2.37,2.83,,__eof__
,,,2019M01,259.201,2.37,2.71,,__eof__
,,,2019M02,259.623,2.39,2.68,,__eof__
,,,2019M03,260.122,2.4,2.57,,__eof__
,,,2019M04,260.573,2.38,2.53,,__eof__
,,,2019M05,260.959,2.35,2.4,,__eof__
,,,2019M06,261.496,2.17,2.07,,__eof__
,,,2019M07,261.975,2.1,2.06,,__eof__
,,,2019M08,262.55,1.95,1.63,,__eof__
,,,2019M09,263.017,1.89,1.7,,__eof__
,,,2019M10,263.455,1.65,1.71,,__eof__
,,,2019M11,263.909,1.54,1.81,,__eof__
,,,2019M12,264.202,1.54,1.86,,__eof__
,,,2020M01,264.897,1.52,1.76,,__eof__
,,,2020M02,265.583,1.52,1.5,,__eof__
,,,2020M03,265.564,0.29,0.87,,__eof__
,,,2020M04,265.158,0.14,0.66,,__eof__
,,,2020M05,265.291,0.13,0.67,,__eof__
,,,2020M06,265.898,0.16,0.73,,__eof__
,,,2020M07,266.99,0.13,0.62,,__eof__
,,,2020M08,267.976,0.1,0.65,,__eof__
,,,2020M09,268.416,0.11,0.68,,__eof__
,,,2020M10,268.633,0.1,0.79,,__eof__
,,,2020M11,269.045,0.09,0.87,,__eof__
,,,2020M12,269.323,0.09,0.93,,__eof__
,,,2021M01,269.518,0.08,1.08,,__eof__
,,,2021M02,269.922,0.04,1.26,,__eof__
,,,2021M03,270.686,0.03,1.61,,__eof__
,,,2021M04,272.798,0.02,1.64,,__eof__
,,,2021M05,274.722,0.02,1.62,,__eof__
,,,2021M06,276.889,0.04,1.52,,__eof__
,,,2021M07,277.899,0.05,1.32,,__eof__
,,,2021M08,278.496,0.05,1.28,,__eof__
,,,2021M09,279.472,0.04,1.37,,__eof__
,,,2021M10,281.269,0.05,1.58,,__eof__
,,,2021M11,282.838,0.05,1.56,,__eof__
,,,2021M12,284.395,0.06,1.47,,__eof__
,,,2022M01,286.176,0.15,1.76,,__eof__
,,,2022M02,287.835,0.33,1.93,,__eof__
,,,2022M03,289.046,0.44,2.13,,__eof__
,,,2022M04,290.818,0.76,2.75,,__eof__
,,,2022M05,292.884,0.98,2.9,,__eof__
,,,2022M06,295.075,1.49,3.14,,__eof__
,,,2022M07,296.341,2.23,2.9,,__eof__
,,,2022M08,298.121,2.63,2.9,,__eof__
,,,2022M09,299.93,3.13,3.52,,__eof__
,,,2022M10,300.892,3.72,3.98,,__eof__
,,,2022M11,NaN,4.15,3.89,,__eof__
